,Feature,Importance
4,room_type_num,0.6161016660558628
3,availability_365,0.2561999339629808
2,calculated_host_listings_count,0.07697099233821256
1,number_of_reviews,0.03026363364298384
0,minimum_nights,0.020463773999960116
