,Feature,Importance
4,room_type_num,0.615810138292364
3,availability_365,0.25450191053290494
2,calculated_host_listings_count,0.08921409513377034
1,number_of_reviews,0.031819174124870855
0,minimum_nights,0.0086546819160899
