,Feature,Importance
4,room_type_num,0.6176664261105878
3,availability_365,0.24574527942123842
2,calculated_host_listings_count,0.09320667882830377
1,number_of_reviews,0.038970077541241696
0,minimum_nights,0.004411538098628353
